Frame-No,RightHandIndex3-Joint-Posi-x,RightHandIndex3-Joint-Posi-y,RightHandIndex3-Joint-Posi-z,arm_length,forearm_length,hand_length,height
0.0,-0.213088,0.905977,0.224871,28.0,24.0,18.0,168.0
112.0,-0.222692,0.944141,0.280029,28.0,24.0,18.0,168.0
119.0,-0.233016,0.980959,0.334922,28.0,24.0,18.0,168.0
125.0,-0.243906,1.03044,0.394799,28.0,24.0,18.0,168.0
130.0,-0.250095,1.08382,0.441962,28.0,24.0,18.0,168.0
134.0,-0.259235,1.13719,0.492205,28.0,24.0,18.0,168.0
138.0,-0.263593,1.18829,0.529652,28.0,24.0,18.0,168.0
143.0,-0.266391,1.25766,0.569973,28.0,24.0,18.0,168.0
148.0,-0.265964,1.31558,0.602071,28.0,24.0,18.0,168.0
