Frame-No,RightHandIndex3-Joint-Posi-x,RightHandIndex3-Joint-Posi-y,RightHandIndex3-Joint-Posi-z,arm_length,forearm_length,hand_length,height
0.0,-0.212962,0.925747,0.26667,28.0,24.0,18.0,168.0
81.0,-0.179012,0.967327,0.322569,28.0,24.0,18.0,168.0
88.0,-0.153036,1.00792,0.375968,28.0,24.0,18.0,168.0
94.0,-0.128376,1.05326,0.428957,28.0,24.0,18.0,168.0
100.0,-0.0973642,1.11152,0.480403,28.0,24.0,18.0,168.0
106.0,-0.0671216,1.16852,0.523078,28.0,24.0,18.0,168.0
112.0,-0.0371883,1.22171,0.556583,28.0,24.0,18.0,168.0
120.0,-0.00374393,1.27778,0.588901,28.0,24.0,18.0,168.0
132.0,0.030056,1.32959,0.618614,28.0,24.0,18.0,168.0
