Frame-No,RightHandIndex3-Joint-Posi-x,RightHandIndex3-Joint-Posi-y,RightHandIndex3-Joint-Posi-z,arm_length,forearm_length,hand_length,height
0.0,-0.212962,0.925747,0.26667,28.0,24.0,18.0,168.0
50.0,-0.179012,0.967327,0.322569,28.0,24.0,18.0,168.0
55.0,-0.153036,1.00792,0.375968,28.0,24.0,18.0,168.0
58.0,-0.117876,1.07136,0.446981,28.0,24.0,18.0,168.0
61.0,-0.0876772,1.13123,0.495526,28.0,24.0,18.0,168.0
64.0,-0.0564045,1.18617,0.535475,28.0,24.0,18.0,168.0
69.0,-0.0282575,1.23753,0.566242,28.0,24.0,18.0,168.0
74.0,0.00621382,1.29546,0.5983,28.0,24.0,18.0,168.0
85.0,0.0407068,1.35057,0.632135,28.0,24.0,18.0,168.0
