Frame-No,RightHandIndex3-Joint-Posi-x,RightHandIndex3-Joint-Posi-y,RightHandIndex3-Joint-Posi-z,arm_length,forearm_length,hand_length,height
0.0,-0.212931,0.925777,0.266711,28.0,24.0,18.0,168.0
54.0,-0.179012,0.967327,0.322569,28.0,24.0,18.0,168.0
57.0,-0.153036,1.00792,0.375968,28.0,24.0,18.0,168.0
61.0,-0.128376,1.05326,0.428957,28.0,24.0,18.0,168.0
65.0,-0.0921553,1.12174,0.487625,28.0,24.0,18.0,168.0
69.0,-0.0621239,1.17689,0.529465,28.0,24.0,18.0,168.0
74.0,-0.0282575,1.23753,0.566242,28.0,24.0,18.0,168.0
78.0,0.00621382,1.29546,0.5983,28.0,24.0,18.0,168.0
93.0,0.0399594,1.34848,0.631189,28.0,24.0,18.0,168.0
