Frame-No,RightHandIndex3-Joint-Posi-x,RightHandIndex3-Joint-Posi-y,RightHandIndex3-Joint-Posi-z,arm_length,forearm_length,hand_length,height
0.0,-0.212977,0.925945,0.266872,28.0,24.0,18.0,168.0
53.0,-0.179012,0.967327,0.322569,28.0,24.0,18.0,168.0
57.0,-0.153036,1.00792,0.375968,28.0,24.0,18.0,168.0
63.0,-0.123214,1.06205,0.438032,28.0,24.0,18.0,168.0
66.0,-0.0876772,1.13123,0.495526,28.0,24.0,18.0,168.0
71.0,-0.0509303,1.1957,0.541263,28.0,24.0,18.0,168.0
75.0,-0.0197927,1.25049,0.57419,28.0,24.0,18.0,168.0
83.0,0.0162154,1.30815,0.606436,28.0,24.0,18.0,168.0
94.0,0.0403616,1.36025,0.637407,28.0,24.0,18.0,168.0
