Frame-No,RightHandIndex3-Joint-Posi-x,RightHandIndex3-Joint-Posi-y,RightHandIndex3-Joint-Posi-z,arm_length,forearm_length,hand_length,height
0.0,-0.198768,0.943045,0.247319,28.0,24.0,18.0,168.0
47.0,-0.200939,0.973086,0.303892,28.0,24.0,18.0,168.0
50.0,-0.203521,1.02701,0.366161,28.0,24.0,18.0,168.0
53.0,-0.207052,1.07764,0.415877,28.0,24.0,18.0,168.0
57.0,-0.214346,1.12238,0.468885,28.0,24.0,18.0,168.0
61.0,-0.221057,1.17402,0.520557,28.0,24.0,18.0,168.0
64.0,-0.225609,1.22666,0.563215,28.0,24.0,18.0,168.0
70.0,-0.234334,1.29604,0.614835,28.0,24.0,18.0,168.0
79.0,-0.244751,1.3493,0.656625,28.0,24.0,18.0,168.0
