Frame-No,RightHandIndex3-Joint-Posi-x,RightHandIndex3-Joint-Posi-y,RightHandIndex3-Joint-Posi-z,arm_length,forearm_length,hand_length,height
0.0,-0.198729,0.94309,0.247361,28.0,24.0,18.0,168.0
50.0,-0.201657,0.981281,0.313661,28.0,24.0,18.0,168.0
54.0,-0.203521,1.02701,0.366161,28.0,24.0,18.0,168.0
58.0,-0.207052,1.07764,0.415877,28.0,24.0,18.0,168.0
60.0,-0.215564,1.13303,0.480177,28.0,24.0,18.0,168.0
64.0,-0.221957,1.18377,0.528946,28.0,24.0,18.0,168.0
69.0,-0.226674,1.23609,0.570919,28.0,24.0,18.0,168.0
74.0,-0.233267,1.288,0.609218,28.0,24.0,18.0,168.0
80.0,-0.244751,1.3493,0.656625,28.0,24.0,18.0,168.0
