Frame-No,RightHandIndex3-Joint-Posi-x,RightHandIndex3-Joint-Posi-y,RightHandIndex3-Joint-Posi-z,arm_length,forearm_length,hand_length,height
0.0,-0.198729,0.94309,0.247361,28.0,24.0,18.0,168.0
53.0,-0.201657,0.981281,0.313661,28.0,24.0,18.0,168.0
58.0,-0.204261,1.03707,0.377722,28.0,24.0,18.0,168.0
61.0,-0.211935,1.10025,0.445559,28.0,24.0,18.0,168.0
65.0,-0.218254,1.1526,0.500218,28.0,24.0,18.0,168.0
70.0,-0.223811,1.20593,0.547431,28.0,24.0,18.0,168.0
75.0,-0.229678,1.26283,0.591725,28.0,24.0,18.0,168.0
81.0,-0.242071,1.33062,0.642826,28.0,24.0,18.0,168.0
93.0,-0.254308,1.38146,0.678046,28.0,24.0,18.0,168.0
