Frame-No,RightHandIndex3-Joint-Posi-x,RightHandIndex3-Joint-Posi-y,RightHandIndex3-Joint-Posi-z,arm_length,forearm_length,hand_length,height
0.0,-0.198768,0.943045,0.247319,28.0,24.0,18.0,168.0
45.0,-0.200939,0.973086,0.303892,28.0,24.0,18.0,168.0
49.0,-0.203124,1.01716,0.354817,28.0,24.0,18.0,168.0
52.0,-0.207052,1.07764,0.415877,28.0,24.0,18.0,168.0
55.0,-0.214346,1.12238,0.468885,28.0,24.0,18.0,168.0
58.0,-0.221057,1.17402,0.520557,28.0,24.0,18.0,168.0
60.0,-0.227693,1.24564,0.578242,28.0,24.0,18.0,168.0
66.0,-0.234334,1.29604,0.614835,28.0,24.0,18.0,168.0
73.0,-0.24645,1.35934,0.662825,28.0,24.0,18.0,168.0
