Frame-No,RightHandIndex3-Joint-Posi-x,RightHandIndex3-Joint-Posi-y,RightHandIndex3-Joint-Posi-z,arm_length,forearm_length,hand_length,height
0.0,-0.198768,0.943045,0.247319,28.0,24.0,18.0,168.0
56.0,-0.200939,0.973086,0.303892,28.0,24.0,18.0,168.0
60.0,-0.203124,1.01716,0.354817,28.0,24.0,18.0,168.0
63.0,-0.207052,1.07764,0.415877,28.0,24.0,18.0,168.0
66.0,-0.215564,1.13303,0.480177,28.0,24.0,18.0,168.0
71.0,-0.221957,1.18377,0.528946,28.0,24.0,18.0,168.0
75.0,-0.227693,1.24564,0.578242,28.0,24.0,18.0,168.0
79.0,-0.234334,1.29604,0.614835,28.0,24.0,18.0,168.0
88.0,-0.244751,1.3493,0.656625,28.0,24.0,18.0,168.0
