Frame-No,RightHandIndex3-Joint-Posi-x,RightHandIndex3-Joint-Posi-y,RightHandIndex3-Joint-Posi-z,arm_length,forearm_length,hand_length,height
0.0,-0.206506,0.935608,0.262834,28.0,24.0,18.0,168.0
73.0,-0.235052,0.987855,0.321132,28.0,24.0,18.0,168.0
76.0,-0.276451,1.04359,0.37615,28.0,24.0,18.0,168.0
80.0,-0.326604,1.11548,0.436046,28.0,24.0,18.0,168.0
83.0,-0.362155,1.16548,0.470809,28.0,24.0,18.0,168.0
86.0,-0.421792,1.23694,0.520373,28.0,24.0,18.0,168.0
88.0,-0.459289,1.29061,0.548623,28.0,24.0,18.0,168.0
92.0,-0.508571,1.35184,0.57224,28.0,24.0,18.0,168.0
98.0,-0.564153,1.38773,0.569597,28.0,24.0,18.0,168.0
