Frame-No,RightHandIndex3-Joint-Posi-x,RightHandIndex3-Joint-Posi-y,RightHandIndex3-Joint-Posi-z,arm_length,forearm_length,hand_length,height
0.0,-0.2063,0.935777,0.263097,28.0,24.0,18.0,168.0
64.0,-0.235052,0.987855,0.321132,28.0,24.0,18.0,168.0
68.0,-0.276451,1.04359,0.37615,28.0,24.0,18.0,168.0
73.0,-0.317443,1.10193,0.426085,28.0,24.0,18.0,168.0
75.0,-0.353218,1.15333,0.462316,28.0,24.0,18.0,168.0
77.0,-0.404423,1.21771,0.507319,28.0,24.0,18.0,168.0
81.0,-0.446691,1.27278,0.540861,28.0,24.0,18.0,168.0
86.0,-0.489547,1.32806,0.563756,28.0,24.0,18.0,168.0
94.0,-0.542872,1.38138,0.576236,28.0,24.0,18.0,168.0
