Frame-No,RightHandIndex3-Joint-Posi-x,RightHandIndex3-Joint-Posi-y,RightHandIndex3-Joint-Posi-z,arm_length,forearm_length,hand_length,height
0.0,-0.2063,0.935777,0.263097,28.0,24.0,18.0,168.0
76.0,-0.246927,1.00527,0.338532,28.0,24.0,18.0,168.0
80.0,-0.317443,1.10193,0.426085,28.0,24.0,18.0,168.0
84.0,-0.362155,1.16548,0.470809,28.0,24.0,18.0,168.0
88.0,-0.404423,1.21771,0.507319,28.0,24.0,18.0,168.0
93.0,-0.446691,1.27278,0.540861,28.0,24.0,18.0,168.0
97.0,-0.493838,1.33357,0.56591,28.0,24.0,18.0,168.0
105.0,-0.546389,1.3835,0.575903,28.0,24.0,18.0,168.0
