Frame-No,RightHandIndex3-Joint-Posi-x,RightHandIndex3-Joint-Posi-y,RightHandIndex3-Joint-Posi-z,arm_length,forearm_length,hand_length,height
0.0,-0.2063,0.935777,0.263097,28.0,24.0,18.0,168.0
110.0,-0.235052,0.987855,0.321132,28.0,24.0,18.0,168.0
116.0,-0.276451,1.04359,0.37615,28.0,24.0,18.0,168.0
121.0,-0.317443,1.10193,0.426085,28.0,24.0,18.0,168.0
125.0,-0.353218,1.15333,0.462316,28.0,24.0,18.0,168.0
130.0,-0.395783,1.20823,0.501228,28.0,24.0,18.0,168.0
136.0,-0.441216,1.26398,0.536092,28.0,24.0,18.0,168.0
142.0,-0.478436,1.314,0.557932,28.0,24.0,18.0,168.0
