Frame-No,RightHandIndex3-Joint-Posi-x,RightHandIndex3-Joint-Posi-y,RightHandIndex3-Joint-Posi-z,arm_length,forearm_length,hand_length,height
0.0,-0.2063,0.935777,0.263097,28.0,24.0,18.0,168.0
68.0,-0.235052,0.987855,0.321132,28.0,24.0,18.0,168.0
73.0,-0.28476,1.05434,0.386242,28.0,24.0,18.0,168.0
77.0,-0.335067,1.12859,0.444574,28.0,24.0,18.0,168.0
80.0,-0.395783,1.20823,0.501228,28.0,24.0,18.0,168.0
84.0,-0.446691,1.27278,0.540861,28.0,24.0,18.0,168.0
90.0,-0.489547,1.32806,0.563756,28.0,24.0,18.0,168.0
97.0,-0.542872,1.38138,0.576236,28.0,24.0,18.0,168.0
