Frame-No,RightHandIndex3-Joint-Posi-x,RightHandIndex3-Joint-Posi-y,RightHandIndex3-Joint-Posi-z,arm_length,forearm_length,hand_length,height
0.0,-0.2063,0.935777,0.263097,28.0,24.0,18.0,168.0
69.0,-0.240535,0.995769,0.329225,28.0,24.0,18.0,168.0
73.0,-0.28476,1.05434,0.386242,28.0,24.0,18.0,168.0
76.0,-0.326604,1.11548,0.436046,28.0,24.0,18.0,168.0
80.0,-0.370005,1.1763,0.477972,28.0,24.0,18.0,168.0
84.0,-0.413346,1.22726,0.5141,28.0,24.0,18.0,168.0
87.0,-0.452785,1.2818,0.544979,28.0,24.0,18.0,168.0
92.0,-0.502892,1.34599,0.570657,28.0,24.0,18.0,168.0
102.0,-0.559646,1.38693,0.571638,28.0,24.0,18.0,168.0
